Name	Type	Location	Link	Description	Instructions
Jungfraujoch Visit	Mountaineering	Jungfrau Region	jungfrau.ch/en-gb	Visit the "Top of Europe" at 3,454m with glacier views.	Book tickets online and check weather conditions.
Lake Thun Cruise	Lake and River	Thun	thurbo.ch/en	Scenic boat ride on Lake Thun with castle views.	Purchase tickets via the website; sail in summer.
Engelberg Monastery	Cultural	Engelberg	kloster-engelberg.ch	Explore a historic Benedictine monastery.	Visit during open hours; guided tours available.
Verbier Summer Hiking	Hiking	Verbier	myverbier.ch	Hike alpine trails in summer with wildflower views.	Wear hiking boots; follow marked paths.
St. Moritz Polo Festival	Festival	St. Moritz	engadin.stmoritz.ch/	Annual polo event on frozen Lake St. Moritz.	Check dates and book tickets online.
Lavaux Wine Tour	Food and Wine	Lavaux	lavaux-vinorama.ch	Taste Chasselas wines in UNESCO vineyards.	Join a guided tour; book in advance.
Grindelwald First Paragliding	Paragliding	Grindelwald	first.flims.com	Tandem paragliding over the Jungfrau region.	Book with a local operator; no experience needed.
Arosa Bike Park	Biking	Arosa	arosa.ch	Bike park with downhill trails for all levels.	Rent a bike and wear a helmet; check park hours.
Zurich Opera House	Cultural	Zürich	oper-zuerich.ch/	Attend a world-class opera or ballet performance.	Buy tickets online; dress code applies.
Saas-Fee Glacier Skiing	Skiing	Saas-Fee	saas-fee.ch	Ski on glaciers year-round with stunning views.	Check lift status and book ski passes.
Rigi Panorama Hike	Hiking	Rigi	rigi.ch	Hike with panoramic views of Lake Lucerne.	Follow trail signs; best in clear weather.
Locarno Film Festival	Festival	Locarno	locarnofestival.ch/	International film festival in August.	Book tickets early; check screening schedule.
Bernina Pass Drive	Scenic Train	Engadin	rhb.ch/en	Drive or ride through the dramatic Bernina Pass.	Rent a car or take the train; plan for a day trip.
Interlaken Skydiving	Adventure	Interlaken	skydiveinterlaken.ch	Tandem skydive over the Alps.	Book online; no prior experience required.
Sion Wine Tasting	Food and Wine	Sion	valais.ch/en	Taste local wines in Valais vineyards.	Visit wineries or join a tasting tour.
Zinal Alpine Climbing	Mountaineering	Zinal	zinal.ch/	Climb in the Valais Alps with guided options.	Hire a guide; bring climbing gear.
Lake Zurich Swim	Lake and River	Zürich	zuerich.com/en	Swim in designated areas of Lake Zurich.	Check swimming zones and safety rules.
Andermatt Ski Resort	Skiing	Andermatt	andermatt.ch	Ski 120km of pistes in a historic village.	Book lift passes online; best in winter.
Appenzell Folklore Museum	Cultural	Appenzell	appenzell.ch/en	Learn about local traditions and crafts.	Visit during museum hours; guided tours available.
Ticino Canyoning	Adventure	Ticino	ticinoadventures.ch	Canyoning with jumps and slides in Verzasca.	Book with a guide; wear water shoes.
Davos Klosters Golf	Golf	Davos	davosklosters.ch/	Play golf with Alpine backdrops.	Reserve a tee time via the website.
Lugano Lake Paddle	Lake and River	Lugano	luganoturismo.ch	Paddleboard on Lake Lugano’s clear waters.	Rent equipment locally; follow safety guidelines.
Fribourg Cheese Market	Food and Wine	Fribourg	fribourgtourism.ch	Weekly cheese market with local producers.	Visit on Fridays; sample and buy directly.
Aletsch Glacier Hike	Hiking	Valais	jungfraualps.com	Hike near the largest glacier in the Alps.	Join a guided tour; wear crampons if needed.
Basel Art Fair	Festival	Basel	artbasel.com	International art fair in June.	Buy tickets online; explore galleries.
Matterhorn Glacier Paradise	Mountaineering	Zermatt	matterhornparadise.ch	Visit the highest cable car station in Europe.	Book tickets and check weather updates.
Thun Castle Tour	Cultural	Thun	thun.ch/en	Explore a 12th-century castle with views.	Visit during opening hours; guided tours available.
Engelberg Titlis Ski	Skiing	Engelberg	titlis.ch	Ski with glacier access and panoramic views.	Book lift passes; best in winter.
Rhäzüns Castle	Cultural	Rhäzüns	graubuenden.ch/en	Visit a medieval castle with guided tours.	Check opening times; book tours in advance.
Brienz Woodcarving	Cultural	Brienz	brienz.ch/en	Watch traditional woodcarving demonstrations.	Visit workshops; purchase souvenirs.
Samedan Horse Racing	Festival	Samedan	engadin.ch/en	Winter horse racing on snow in January.	Check event dates; dress warmly.
Oberalp Pass Drive	Scenic Train	Andermatt	glacier-express.ch	Drive or ride over the scenic Oberalp Pass.	Plan a day trip; book train seats if needed.
Lenk Spa Wellness	Spa	Lenk	lenk-simmental.ch	Relax in thermal baths with mountain views.	Book a spa package online.
Gstaad Palace Dining	Food and Wine	Gstaad	palace.ch/en	Dine at a luxury hotel with gourmet cuisine.	Make a reservation via the website.
Adelboden Paragliding	Paragliding	Adelboden	adelboden.ch/en	Tandem flights over the Bernese Oberland.	Book with a local provider; no experience needed.
Schwyz Mythen Climb	Mountaineering	Schwyz	schwyz-tourismus.ch	Climb Mount Mythen for summit views.	Hire a guide; bring climbing equipment.
Zurich Street Parade	Festival	Zürich	streetparade.com	Electronic music festival in August.	Check dates and routes; follow safety rules.
Sion Cathedral	Cultural	Sion	valais.ch/en	Visit a historic cathedral with frescoes.	Open daily; guided tours available.
Flumserberg Bike Park	Biking	Flumserberg	flumserberg.ch	Bike park with downhill and cross-country trails.	Rent a bike; check park hours.
Silvaplana Windsurfing	Lake and River	Silvaplana	engadin.ch/en	Windsurf on Lake Silvaplana with strong winds.	Rent gear locally; take a lesson if new.
Chur Old Town	Cultural	Chur	chur.ch/en	Explore medieval streets and historic sites.	Visit during the day; guided tours optional.
Crans-Montana Golf	Golf	Crans-Montana	crans-montana.ch/	Play on a scenic 18-hole golf course.	Book a tee time online.
Leukerbad Skiing	Skiing	Leukerbad	leukerbad.ch	Ski 50km of slopes with thermal spa access.	Buy lift passes; combine with spa visit.
Vaduz Castle View	Cultural	Vaduz	liechtenstein.com/en	See Liechtenstein’s royal castle from afar.	Visit during daylight; no entry allowed.
Airolo Ski Area	Skiing	Airolo	airolo.ch/en	Ski with views of the Gotthard Pass.	Book lift passes; best in winter.
Bellinzona Castles	Cultural	Bellinzona	bellinzona.ch/en	Tour three UNESCO-listed medieval castles.	Visit during open hours; guided tours available.
Disentis Snowpark	Skiing	Disentis	disentis-sedrun.ch	Snowpark for freestyle skiing and boarding.	Bring gear; check park conditions.
Lötschberg Tunnel Train	Scenic Train	Kandersteg	bfs.admin.ch/en	Travel through the Lötschberg Base Tunnel.	Book train tickets; enjoy the scenic route.
Murten Lake Swim	Lake and River	Murten	murtensee.ch/en	Swim in the calm waters of Lake Murten.	Check designated swimming areas; summer only.
Saanenland Hiking	Hiking	Saanenland	saanen.ch/en	Hike through rolling hills and forests.	Follow marked trails; wear sturdy shoes.